ts	phase	decision	why	evidence	result
2026-08-24T09:31:34Z	intake	accepted the Oracle reply for local reconciliation under its recorded owner, model, and xhigh floor	the durable receipt proves this response belongs to the current WordPressHx maintainer task and has no output attachments	Oracle request orq_20260824T074322Z_5c61db30; prepared prompt 1b1566e; bundle 33475a8; response ffb31cd	captured response is complete and eligible for reconciliation
2026-08-24T09:31:34Z	baseline	set the provisional decision to close only if the exact unchanged ADR-015 surface has no reproducible blocker	the reviewed surface is unchanged from 36ca6ae, hosted proof passed, but the ADR and receipt still withhold acceptance	commit 36ca6ae; HEAD 52399ae; manifests/evidence/adr-015-interop-adoption-contract.json	ready to read the independent response without anchoring the local conclusion
2026-08-24T09:50:21Z	reconciliation	retained the do-not-accept verdict and reproduced every critical or major defect group	direct Haxe, JavaScript, PHP, ownership, and evidence-freshness counterexamples all survived the current green gate evidence	review/oracle/results/adr015-final-acceptance-36ca6ae-orq-5c61db30/DISPOSITION.md	one critical and five major groups remain open
2026-08-24T09:50:21Z	implementation	made no product fix during reconciliation	two public meanings still need owner decisions and partial edits cannot make this exact review acceptable	review/oracle/results/adr015-final-acceptance-36ca6ae-orq-5c61db30/DISPOSITION.md	g6.1 must remain in progress for one evidence-coherent repair revision
2026-08-24T22:54:29Z	delivery	reran the complete repository gate on the newer published main revision	the earlier run lost its final exit record and the disposition still named a local launcher gap	commit 4d2d925; scripts/check-repository.sh	full gate passed without changing the rejection decision
2026-08-25T17:44:18Z	repair-design	selected target-specific executable-closure identity and a facade-specific projected bundle trust root	the full bundle digest cannot be embedded in a member without a digest cycle; each trusted executing facade can instead bind every other member while verifying all staged bytes	ADR-015; Oracle findings F005 and F007	implementation will preserve the full distribution bundle while making runtime authority exact and non-caller-controlled
2026-08-25T19:04:52Z	rereview	reconciled the fresh repair review as changes required	the exact revision closes complete runtime bundle verification and target-specific closure identity but retains two critical and three major independently reproduced blockers	Oracle request orq_20260825T182401Z_fd767889; review/oracle/results/adr015-repair-rereview-6168114-orq-fd767889/DISPOSITION.md	ADR-015 and wordpresshx-g6.1 remain open for a second coherent repair revision
2026-08-30T21:26:30Z	resume	resumed the durable goal and confirmed the repair remains partially resolved	main still matched the reviewed commit, no PR or competing owner existed, and the live Bead and fresh Oracle disposition retained five finding groups	commit 1fd672b; wordpresshx-g6.1; Oracle request orq_20260825T182401Z_fd767889	continued from the exact changes-required baseline
2026-08-30T21:26:30Z	repair	removed the product mint and bound publication and evidence to non-candidate authority	the retained findings require product-only hostile-define negatives, an embedded expected-stage plan, an independent JavaScript parser, and a complete freshness subject	scripts/adoption/test.sh; fixtures/adoption-contract/test-ownership; scripts/adoption/evidence_state.py	focused local gate passed; container, repository, hosted, and fresh review proof remain
2026-08-30T22:07:21Z	verification	recorded current local and forced-container passes and completed the repository-wide gate	both observer records bind content root 2c1dfaff and evidence subject d9b64581; the complete repository gate and fail-closed suites passed	manifests/evidence/adr-015-interop-adoption-contract.json; scripts/check-repository.sh	repair is ready for a committed hosted run before fresh independent review
